	1
0	Neural_Networks
1	Probabilistic_Methods
2	Reinforcement_Learning
3	Reinforcement_Learning
4	Probabilistic_Methods
5	Probabilistic_Methods
6	Case_Based
7	Neural_Networks
8	Neural_Networks
9	Theory
10	Neural_Networks
11	Genetic_Algorithms
12	Probabilistic_Methods
13	Rule_Learning
14	Neural_Networks
15	Genetic_Algorithms
16	Neural_Networks
17	Neural_Networks
18	Neural_Networks
19	Theory
20	Theory
21	Reinforcement_Learning
22	Genetic_Algorithms
23	Neural_Networks
24	Neural_Networks
25	Theory
26	Neural_Networks
27	Probabilistic_Methods
28	Neural_Networks
29	Theory
30	Case_Based
31	Neural_Networks
32	Case_Based
33	Neural_Networks
34	Reinforcement_Learning
35	Reinforcement_Learning
36	Neural_Networks
37	Reinforcement_Learning
38	Genetic_Algorithms
39	Reinforcement_Learning
40	Theory
41	Probabilistic_Methods
42	Genetic_Algorithms
43	Neural_Networks
44	Case_Based
45	Reinforcement_Learning
46	Neural_Networks
47	Case_Based
48	Probabilistic_Methods
49	Case_Based
50	Case_Based
51	Probabilistic_Methods
52	Theory
53	Genetic_Algorithms
54	Theory
55	Genetic_Algorithms
56	Theory
57	Reinforcement_Learning
58	Neural_Networks
59	Neural_Networks
60	Reinforcement_Learning
61	Case_Based
62	Probabilistic_Methods
63	Neural_Networks
64	Case_Based
65	Neural_Networks
66	Genetic_Algorithms
67	Probabilistic_Methods
68	Theory
69	Case_Based
70	Probabilistic_Methods
71	Probabilistic_Methods
72	Neural_Networks
73	Neural_Networks
74	Neural_Networks
75	Case_Based
76	Theory
77	Neural_Networks
78	Neural_Networks
79	Theory
80	Neural_Networks
81	Probabilistic_Methods
82	Reinforcement_Learning
83	Neural_Networks
84	Probabilistic_Methods
85	Reinforcement_Learning
86	Rule_Learning
87	Neural_Networks
88	Neural_Networks
89	Theory
90	Neural_Networks
91	Neural_Networks
92	Neural_Networks
93	Neural_Networks
94	Neural_Networks
95	Probabilistic_Methods
96	Case_Based
97	Neural_Networks
98	Reinforcement_Learning
99	Probabilistic_Methods
100	Genetic_Algorithms
101	Neural_Networks
102	Neural_Networks
103	Reinforcement_Learning
104	Neural_Networks
105	Probabilistic_Methods
106	Rule_Learning
107	Probabilistic_Methods
108	Probabilistic_Methods
109	Theory
110	Neural_Networks
111	Neural_Networks
112	Neural_Networks
113	Neural_Networks
114	Theory
115	Probabilistic_Methods
116	Case_Based
117	Neural_Networks
118	Reinforcement_Learning
119	Genetic_Algorithms
120	Genetic_Algorithms
121	Neural_Networks
122	Neural_Networks
123	Neural_Networks
124	Neural_Networks
125	Probabilistic_Methods
126	Probabilistic_Methods
127	Neural_Networks
128	Reinforcement_Learning
129	Genetic_Algorithms
130	Rule_Learning
131	Probabilistic_Methods
132	Neural_Networks
133	Neural_Networks
134	Neural_Networks
135	Theory
136	Case_Based
137	Probabilistic_Methods
138	Probabilistic_Methods
139	Genetic_Algorithms
140	Theory
141	Genetic_Algorithms
142	Theory
143	Neural_Networks
144	Neural_Networks
145	Genetic_Algorithms
146	Neural_Networks
147	Theory
148	Reinforcement_Learning
149	Neural_Networks
150	Case_Based
151	Case_Based
152	Neural_Networks
153	Reinforcement_Learning
154	Probabilistic_Methods
155	Probabilistic_Methods
156	Genetic_Algorithms
157	Probabilistic_Methods
158	Rule_Learning
159	Probabilistic_Methods
160	Theory
161	Probabilistic_Methods
162	Reinforcement_Learning
163	Genetic_Algorithms
164	Theory
165	Rule_Learning
166	Case_Based
167	Reinforcement_Learning
168	Genetic_Algorithms
169	Neural_Networks
170	Probabilistic_Methods
171	Theory
172	Case_Based
173	Reinforcement_Learning
174	Neural_Networks
175	Neural_Networks
176	Rule_Learning
177	Theory
178	Theory
179	Neural_Networks
180	Neural_Networks
181	Theory
182	Probabilistic_Methods
183	Case_Based
184	Neural_Networks
185	Probabilistic_Methods
186	Reinforcement_Learning
187	Neural_Networks
188	Genetic_Algorithms
189	Genetic_Algorithms
190	Neural_Networks
191	Genetic_Algorithms
192	Probabilistic_Methods
193	Neural_Networks
194	Neural_Networks
195	Rule_Learning
196	Rule_Learning
197	Neural_Networks
198	Neural_Networks
199	Theory
200	Neural_Networks
201	Neural_Networks
202	Neural_Networks
203	Neural_Networks
204	Neural_Networks
205	Neural_Networks
206	Neural_Networks
207	Neural_Networks
208	Theory
209	Genetic_Algorithms
210	Reinforcement_Learning
211	Probabilistic_Methods
212	Neural_Networks
213	Reinforcement_Learning
214	Neural_Networks
215	Case_Based
216	Rule_Learning
217	Neural_Networks
218	Probabilistic_Methods
219	Genetic_Algorithms
220	Reinforcement_Learning
221	Case_Based
222	Case_Based
223	Case_Based
224	Rule_Learning
225	Case_Based
226	Neural_Networks
227	Case_Based
228	Case_Based
229	Neural_Networks
230	Neural_Networks
231	Case_Based
232	Probabilistic_Methods
233	Neural_Networks
234	Neural_Networks
235	Neural_Networks
236	Rule_Learning
237	Genetic_Algorithms
238	Neural_Networks
239	Neural_Networks
240	Case_Based
241	Neural_Networks
242	Neural_Networks
243	Genetic_Algorithms
244	Genetic_Algorithms
245	Case_Based
246	Theory
247	Reinforcement_Learning
248	Probabilistic_Methods
249	Rule_Learning
250	Probabilistic_Methods
251	Theory
252	Reinforcement_Learning
253	Neural_Networks
254	Neural_Networks
255	Theory
256	Case_Based
257	Neural_Networks
258	Theory
259	Neural_Networks
260	Probabilistic_Methods
261	Neural_Networks
262	Case_Based
263	Neural_Networks
264	Theory
265	Probabilistic_Methods
266	Genetic_Algorithms
267	Theory
268	Neural_Networks
269	Reinforcement_Learning
270	Probabilistic_Methods
271	Neural_Networks
272	Neural_Networks
273	Genetic_Algorithms
274	Theory
275	Probabilistic_Methods
276	Probabilistic_Methods
277	Reinforcement_Learning
278	Neural_Networks
279	Probabilistic_Methods
280	Neural_Networks
281	Reinforcement_Learning
282	Neural_Networks
283	Neural_Networks
284	Case_Based
285	Case_Based
286	Rule_Learning
287	Rule_Learning
288	Case_Based
289	Case_Based
290	Genetic_Algorithms
291	Neural_Networks
292	Probabilistic_Methods
293	Neural_Networks
294	Genetic_Algorithms
295	Probabilistic_Methods
296	Theory
297	Neural_Networks
298	Neural_Networks
299	Neural_Networks
300	Case_Based
301	Neural_Networks
302	Rule_Learning
303	Theory
304	Neural_Networks
305	Reinforcement_Learning
306	Reinforcement_Learning
307	Rule_Learning
308	Theory
309	Genetic_Algorithms
310	Neural_Networks
311	Neural_Networks
312	Neural_Networks
313	Case_Based
314	Rule_Learning
315	Neural_Networks
316	Neural_Networks
317	Neural_Networks
318	Theory
319	Rule_Learning
320	Case_Based
321	Reinforcement_Learning
322	Theory
323	Theory
324	Probabilistic_Methods
325	Probabilistic_Methods
326	Probabilistic_Methods
327	Probabilistic_Methods
328	Neural_Networks
329	Genetic_Algorithms
330	Neural_Networks
331	Neural_Networks
332	Probabilistic_Methods
333	Reinforcement_Learning
334	Theory
335	Theory
336	Neural_Networks
337	Neural_Networks
338	Neural_Networks
339	Probabilistic_Methods
340	Neural_Networks
341	Neural_Networks
342	Probabilistic_Methods
343	Genetic_Algorithms
344	Neural_Networks
345	Neural_Networks
346	Neural_Networks
347	Probabilistic_Methods
348	Rule_Learning
349	Neural_Networks
350	Neural_Networks
351	Neural_Networks
352	Probabilistic_Methods
353	Neural_Networks
354	Neural_Networks
355	Neural_Networks
356	Probabilistic_Methods
357	Genetic_Algorithms
358	Probabilistic_Methods
359	Neural_Networks
360	Theory
361	Genetic_Algorithms
362	Neural_Networks
363	Neural_Networks
364	Neural_Networks
365	Neural_Networks
366	Neural_Networks
367	Reinforcement_Learning
368	Neural_Networks
369	Neural_Networks
370	Reinforcement_Learning
371	Neural_Networks
372	Genetic_Algorithms
373	Rule_Learning
374	Reinforcement_Learning
375	Theory
376	Probabilistic_Methods
377	Theory
378	Theory
379	Rule_Learning
380	Genetic_Algorithms
381	Theory
382	Rule_Learning
383	Neural_Networks
384	Neural_Networks
385	Reinforcement_Learning
386	Neural_Networks
387	Neural_Networks
388	Probabilistic_Methods
389	Probabilistic_Methods
390	Genetic_Algorithms
391	Neural_Networks
392	Neural_Networks
393	Neural_Networks
394	Neural_Networks
395	Genetic_Algorithms
396	Case_Based
397	Neural_Networks
398	Probabilistic_Methods
399	Neural_Networks
400	Neural_Networks
401	Probabilistic_Methods
402	Genetic_Algorithms
403	Genetic_Algorithms
404	Neural_Networks
405	Neural_Networks
406	Neural_Networks
407	Neural_Networks
408	Neural_Networks
409	Neural_Networks
410	Reinforcement_Learning
411	Neural_Networks
412	Reinforcement_Learning
413	Neural_Networks
414	Case_Based
415	Genetic_Algorithms
416	Probabilistic_Methods
417	Theory
418	Theory
419	Probabilistic_Methods
420	Neural_Networks
421	Theory
422	Genetic_Algorithms
423	Probabilistic_Methods
424	Theory
425	Reinforcement_Learning
426	Case_Based
427	Neural_Networks
428	Rule_Learning
429	Theory
430	Rule_Learning
431	Rule_Learning
432	Rule_Learning
433	Rule_Learning
434	Theory
435	Theory
436	Theory
437	Rule_Learning
438	Case_Based
439	Neural_Networks
440	Reinforcement_Learning
441	Neural_Networks
442	Probabilistic_Methods
443	Neural_Networks
444	Neural_Networks
445	Theory
446	Reinforcement_Learning
447	Neural_Networks
448	Genetic_Algorithms
449	Neural_Networks
450	Probabilistic_Methods
451	Genetic_Algorithms
452	Neural_Networks
453	Neural_Networks
454	Case_Based
455	Reinforcement_Learning
456	Theory
457	Neural_Networks
458	Neural_Networks
459	Theory
460	Reinforcement_Learning
461	Neural_Networks
462	Neural_Networks
463	Reinforcement_Learning
464	Probabilistic_Methods
465	Neural_Networks
466	Reinforcement_Learning
467	Probabilistic_Methods
468	Probabilistic_Methods
469	Neural_Networks
470	Neural_Networks
471	Reinforcement_Learning
472	Reinforcement_Learning
473	Reinforcement_Learning
474	Theory
475	Genetic_Algorithms
476	Neural_Networks
477	Reinforcement_Learning
478	Theory
479	Theory
480	Neural_Networks
481	Theory
482	Rule_Learning
483	Reinforcement_Learning
484	Neural_Networks
485	Probabilistic_Methods
486	Neural_Networks
487	Neural_Networks
488	Theory
489	Neural_Networks
490	Probabilistic_Methods
491	Probabilistic_Methods
492	Probabilistic_Methods
493	Neural_Networks
494	Neural_Networks
495	Probabilistic_Methods
496	Neural_Networks
497	Theory
498	Probabilistic_Methods
499	Probabilistic_Methods
500	Genetic_Algorithms
501	Neural_Networks
502	Reinforcement_Learning
503	Genetic_Algorithms
504	Neural_Networks
505	Theory
506	Neural_Networks
507	Theory
508	Theory
509	Rule_Learning
510	Neural_Networks
511	Probabilistic_Methods
512	Neural_Networks
513	Probabilistic_Methods
514	Reinforcement_Learning
515	Probabilistic_Methods
516	Neural_Networks
517	Theory
518	Probabilistic_Methods
519	Neural_Networks
520	Neural_Networks
521	Rule_Learning
522	Theory
523	Theory
524	Neural_Networks
525	Probabilistic_Methods
526	Neural_Networks
527	Neural_Networks
528	Neural_Networks
529	Neural_Networks
530	Neural_Networks
531	Neural_Networks
532	Neural_Networks
533	Probabilistic_Methods
534	Case_Based
535	Theory
536	Neural_Networks
537	Genetic_Algorithms
538	Genetic_Algorithms
539	Case_Based
540	Case_Based
541	Case_Based
542	Neural_Networks
543	Case_Based
544	Neural_Networks
545	Theory
546	Genetic_Algorithms
547	Neural_Networks
548	Neural_Networks
549	Theory
550	Neural_Networks
551	Case_Based
552	Probabilistic_Methods
553	Neural_Networks
554	Reinforcement_Learning
555	Theory
556	Neural_Networks
557	Probabilistic_Methods
558	Reinforcement_Learning
559	Reinforcement_Learning
560	Probabilistic_Methods
561	Neural_Networks
562	Neural_Networks
563	Reinforcement_Learning
564	Reinforcement_Learning
565	Theory
566	Reinforcement_Learning
567	Genetic_Algorithms
568	Reinforcement_Learning
569	Theory
570	Neural_Networks
571	Theory
572	Neural_Networks
573	Probabilistic_Methods
574	Theory
575	Reinforcement_Learning
576	Neural_Networks
577	Probabilistic_Methods
578	Case_Based
579	Neural_Networks
580	Case_Based
581	Case_Based
582	Case_Based
583	Case_Based
584	Neural_Networks
585	Theory
586	Neural_Networks
587	Neural_Networks
588	Reinforcement_Learning
589	Neural_Networks
590	Neural_Networks
591	Theory
592	Neural_Networks
593	Neural_Networks
594	Neural_Networks
595	Neural_Networks
596	Neural_Networks
597	Rule_Learning
598	Rule_Learning
599	Neural_Networks
600	Neural_Networks
601	Probabilistic_Methods
602	Genetic_Algorithms
603	Case_Based
604	Neural_Networks
605	Neural_Networks
606	Genetic_Algorithms
607	Neural_Networks
608	Neural_Networks
609	Neural_Networks
610	Neural_Networks
611	Genetic_Algorithms
612	Case_Based
613	Neural_Networks
614	Theory
615	Theory
616	Neural_Networks
617	Neural_Networks
618	Theory
619	Neural_Networks
620	Neural_Networks
621	Reinforcement_Learning
622	Neural_Networks
623	Probabilistic_Methods
624	Theory
625	Theory
626	Neural_Networks
627	Theory
628	Neural_Networks
629	Case_Based
630	Neural_Networks
631	Neural_Networks
632	Case_Based
633	Reinforcement_Learning
634	Case_Based
635	Theory
636	Reinforcement_Learning
637	Probabilistic_Methods
638	Theory
639	Probabilistic_Methods
640	Theory
641	Theory
642	Probabilistic_Methods
643	Case_Based
644	Reinforcement_Learning
645	Probabilistic_Methods
646	Probabilistic_Methods
647	Neural_Networks
648	Neural_Networks
649	Theory
650	Reinforcement_Learning
651	Genetic_Algorithms
652	Rule_Learning
653	Genetic_Algorithms
654	Theory
655	Neural_Networks
656	Reinforcement_Learning
657	Reinforcement_Learning
658	Genetic_Algorithms
659	Neural_Networks
660	Theory
661	Theory
662	Theory
663	Neural_Networks
664	Neural_Networks
665	Neural_Networks
666	Rule_Learning
667	Neural_Networks
668	Neural_Networks
669	Neural_Networks
670	Case_Based
671	Reinforcement_Learning
672	Theory
673	Neural_Networks
674	Neural_Networks
675	Rule_Learning
676	Neural_Networks
677	Neural_Networks
678	Neural_Networks
679	Case_Based
680	Neural_Networks
681	Genetic_Algorithms
682	Reinforcement_Learning
683	Neural_Networks
684	Theory
685	Neural_Networks
686	Neural_Networks
687	Neural_Networks
688	Case_Based
689	Genetic_Algorithms
690	Neural_Networks
691	Reinforcement_Learning
692	Theory
693	Neural_Networks
694	Neural_Networks
695	Case_Based
696	Neural_Networks
697	Probabilistic_Methods
698	Neural_Networks
699	Reinforcement_Learning
700	Rule_Learning
701	Neural_Networks
702	Neural_Networks
703	Neural_Networks
704	Probabilistic_Methods
705	Neural_Networks
706	Neural_Networks
707	Neural_Networks
708	Neural_Networks
709	Neural_Networks
710	Theory
711	Neural_Networks
712	Theory
713	Neural_Networks
714	Genetic_Algorithms
715	Probabilistic_Methods
716	Neural_Networks
717	Case_Based
718	Neural_Networks
719	Probabilistic_Methods
720	Neural_Networks
721	Genetic_Algorithms
722	Theory
723	Probabilistic_Methods
724	Neural_Networks
725	Probabilistic_Methods
726	Neural_Networks
727	Genetic_Algorithms
728	Genetic_Algorithms
729	Probabilistic_Methods
730	Neural_Networks
731	Neural_Networks
732	Theory
733	Genetic_Algorithms
734	Reinforcement_Learning
735	Rule_Learning
736	Neural_Networks
737	Neural_Networks
738	Theory
739	Reinforcement_Learning
740	Probabilistic_Methods
741	Neural_Networks
742	Neural_Networks
743	Genetic_Algorithms
744	Genetic_Algorithms
745	Neural_Networks
746	Genetic_Algorithms
747	Reinforcement_Learning
748	Probabilistic_Methods
749	Reinforcement_Learning
750	Genetic_Algorithms
751	Neural_Networks
752	Case_Based
753	Neural_Networks
754	Theory
755	Genetic_Algorithms
756	Rule_Learning
757	Genetic_Algorithms
758	Probabilistic_Methods
759	Probabilistic_Methods
760	Case_Based
761	Theory
762	Theory
763	Neural_Networks
764	Genetic_Algorithms
765	Neural_Networks
766	Neural_Networks
767	Theory
768	Probabilistic_Methods
769	Genetic_Algorithms
770	Neural_Networks
771	Neural_Networks
772	Probabilistic_Methods
773	Reinforcement_Learning
774	Neural_Networks
775	Reinforcement_Learning
776	Probabilistic_Methods
777	Probabilistic_Methods
778	Theory
779	Neural_Networks
780	Genetic_Algorithms
781	Genetic_Algorithms
782	Probabilistic_Methods
783	Case_Based
784	Probabilistic_Methods
785	Case_Based
786	Theory
787	Reinforcement_Learning
788	Probabilistic_Methods
789	Genetic_Algorithms
790	Theory
791	Theory
792	Theory
793	Genetic_Algorithms
794	Theory
795	Theory
796	Neural_Networks
797	Neural_Networks
798	Theory
799	Case_Based
800	Genetic_Algorithms
801	Case_Based
802	Probabilistic_Methods
803	Genetic_Algorithms
804	Reinforcement_Learning
805	Neural_Networks
806	Neural_Networks
807	Reinforcement_Learning
808	Neural_Networks
809	Neural_Networks
810	Probabilistic_Methods
811	Genetic_Algorithms
812	Neural_Networks
813	Genetic_Algorithms
814	Neural_Networks
815	Genetic_Algorithms
816	Reinforcement_Learning
817	Case_Based
818	Case_Based
819	Case_Based
820	Neural_Networks
821	Neural_Networks
822	Neural_Networks
823	Neural_Networks
824	Case_Based
825	Case_Based
826	Neural_Networks
827	Probabilistic_Methods
828	Neural_Networks
829	Neural_Networks
830	Neural_Networks
831	Theory
832	Neural_Networks
833	Genetic_Algorithms
834	Neural_Networks
835	Case_Based
836	Neural_Networks
837	Rule_Learning
838	Probabilistic_Methods
839	Neural_Networks
840	Neural_Networks
841	Probabilistic_Methods
842	Reinforcement_Learning
843	Reinforcement_Learning
844	Genetic_Algorithms
845	Rule_Learning
846	Genetic_Algorithms
847	Theory
848	Theory
849	Rule_Learning
850	Neural_Networks
851	Probabilistic_Methods
852	Probabilistic_Methods
853	Neural_Networks
854	Genetic_Algorithms
855	Probabilistic_Methods
856	Genetic_Algorithms
857	Case_Based
858	Case_Based
859	Genetic_Algorithms
860	Genetic_Algorithms
861	Theory
862	Case_Based
863	Probabilistic_Methods
864	Neural_Networks
865	Theory
866	Neural_Networks
867	Neural_Networks
868	Reinforcement_Learning
869	Probabilistic_Methods
870	Reinforcement_Learning
871	Neural_Networks
872	Neural_Networks
873	Neural_Networks
874	Neural_Networks
875	Reinforcement_Learning
876	Theory
877	Rule_Learning
878	Neural_Networks
879	Theory
880	Genetic_Algorithms
881	Genetic_Algorithms
882	Reinforcement_Learning
883	Case_Based
884	Theory
885	Case_Based
886	Neural_Networks
887	Case_Based
888	Probabilistic_Methods
889	Probabilistic_Methods
890	Neural_Networks
891	Reinforcement_Learning
892	Probabilistic_Methods
893	Neural_Networks
894	Probabilistic_Methods
895	Probabilistic_Methods
896	Probabilistic_Methods
897	Probabilistic_Methods
898	Reinforcement_Learning
899	Genetic_Algorithms
900	Genetic_Algorithms
901	Neural_Networks
902	Genetic_Algorithms
903	Genetic_Algorithms
904	Probabilistic_Methods
905	Probabilistic_Methods
906	Case_Based
907	Neural_Networks
908	Neural_Networks
909	Probabilistic_Methods
910	Genetic_Algorithms
911	Theory
912	Neural_Networks
913	Probabilistic_Methods
914	Neural_Networks
915	Neural_Networks
916	Neural_Networks
917	Probabilistic_Methods
918	Neural_Networks
919	Neural_Networks
920	Probabilistic_Methods
921	Neural_Networks
922	Case_Based
923	Case_Based
924	Neural_Networks
925	Neural_Networks
926	Theory
927	Neural_Networks
928	Case_Based
929	Reinforcement_Learning
930	Neural_Networks
931	Neural_Networks
932	Probabilistic_Methods
933	Reinforcement_Learning
934	Genetic_Algorithms
935	Case_Based
936	Reinforcement_Learning
937	Neural_Networks
938	Genetic_Algorithms
939	Neural_Networks
940	Genetic_Algorithms
941	Genetic_Algorithms
942	Genetic_Algorithms
943	Genetic_Algorithms
944	Probabilistic_Methods
945	Probabilistic_Methods
946	Neural_Networks
947	Neural_Networks
948	Neural_Networks
949	Neural_Networks
950	Probabilistic_Methods
951	Case_Based
952	Probabilistic_Methods
953	Genetic_Algorithms
954	Neural_Networks
955	Theory
956	Neural_Networks
957	Theory
958	Genetic_Algorithms
959	Genetic_Algorithms
960	Neural_Networks
961	Reinforcement_Learning
962	Neural_Networks
963	Theory
964	Genetic_Algorithms
965	Genetic_Algorithms
966	Genetic_Algorithms
967	Theory
968	Neural_Networks
969	Neural_Networks
970	Genetic_Algorithms
971	Probabilistic_Methods
972	Genetic_Algorithms
973	Probabilistic_Methods
974	Genetic_Algorithms
975	Neural_Networks
976	Probabilistic_Methods
977	Neural_Networks
978	Neural_Networks
979	Neural_Networks
980	Neural_Networks
981	Genetic_Algorithms
982	Neural_Networks
983	Case_Based
984	Reinforcement_Learning
985	Rule_Learning
986	Case_Based
987	Probabilistic_Methods
988	Reinforcement_Learning
989	Neural_Networks
990	Neural_Networks
991	Case_Based
992	Case_Based
993	Probabilistic_Methods
994	Neural_Networks
995	Genetic_Algorithms
996	Probabilistic_Methods
997	Neural_Networks
998	Probabilistic_Methods
999	Neural_Networks
1000	Theory
1001	Case_Based
1002	Case_Based
1003	Theory
1004	Theory
1005	Neural_Networks
1006	Theory
1007	Rule_Learning
1008	Rule_Learning
1009	Genetic_Algorithms
1010	Rule_Learning
1011	Rule_Learning
1012	Theory
1013	Probabilistic_Methods
1014	Neural_Networks
1015	Probabilistic_Methods
1016	Genetic_Algorithms
1017	Probabilistic_Methods
1018	Genetic_Algorithms
1019	Rule_Learning
1020	Probabilistic_Methods
1021	Neural_Networks
1022	Neural_Networks
1023	Neural_Networks
1024	Neural_Networks
1025	Theory
1026	Theory
1027	Theory
1028	Neural_Networks
1029	Neural_Networks
1030	Genetic_Algorithms
1031	Neural_Networks
1032	Theory
1033	Case_Based
1034	Genetic_Algorithms
1035	Genetic_Algorithms
1036	Theory
1037	Neural_Networks
1038	Neural_Networks
1039	Case_Based
1040	Neural_Networks
1041	Neural_Networks
1042	Neural_Networks
1043	Neural_Networks
1044	Neural_Networks
1045	Reinforcement_Learning
1046	Case_Based
1047	Case_Based
1048	Case_Based
1049	Rule_Learning
1050	Theory
1051	Neural_Networks
1052	Neural_Networks
1053	Theory
1054	Genetic_Algorithms
1055	Neural_Networks
1056	Neural_Networks
1057	Neural_Networks
1058	Neural_Networks
1059	Neural_Networks
1060	Genetic_Algorithms
1061	Rule_Learning
1062	Theory
1063	Genetic_Algorithms
1064	Probabilistic_Methods
1065	Genetic_Algorithms
1066	Neural_Networks
1067	Neural_Networks
1068	Neural_Networks
1069	Genetic_Algorithms
1070	Genetic_Algorithms
1071	Rule_Learning
1072	Neural_Networks
1073	Rule_Learning
1074	Rule_Learning
1075	Probabilistic_Methods
1076	Probabilistic_Methods
1077	Neural_Networks
1078	Probabilistic_Methods
1079	Neural_Networks
1080	Neural_Networks
1081	Rule_Learning
1082	Rule_Learning
1083	Neural_Networks
1084	Case_Based
1085	Neural_Networks
1086	Probabilistic_Methods
1087	Neural_Networks
1088	Neural_Networks
1089	Case_Based
1090	Neural_Networks
1091	Neural_Networks
1092	Theory
1093	Neural_Networks
1094	Neural_Networks
1095	Theory
1096	Genetic_Algorithms
1097	Probabilistic_Methods
1098	Genetic_Algorithms
1099	Genetic_Algorithms
1100	Neural_Networks
1101	Neural_Networks
1102	Theory
1103	Neural_Networks
1104	Neural_Networks
1105	Theory
1106	Genetic_Algorithms
1107	Case_Based
1108	Probabilistic_Methods
1109	Case_Based
1110	Genetic_Algorithms
1111	Probabilistic_Methods
1112	Theory
1113	Genetic_Algorithms
1114	Genetic_Algorithms
1115	Neural_Networks
1116	Probabilistic_Methods
1117	Genetic_Algorithms
1118	Neural_Networks
1119	Neural_Networks
1120	Neural_Networks
1121	Case_Based
1122	Case_Based
1123	Case_Based
1124	Theory
1125	Case_Based
1126	Case_Based
1127	Genetic_Algorithms
1128	Neural_Networks
1129	Neural_Networks
1130	Genetic_Algorithms
1131	Neural_Networks
1132	Theory
1133	Probabilistic_Methods
1134	Genetic_Algorithms
1135	Theory
1136	Genetic_Algorithms
1137	Theory
1138	Case_Based
1139	Genetic_Algorithms
1140	Genetic_Algorithms
1141	Probabilistic_Methods
1142	Genetic_Algorithms
1143	Neural_Networks
1144	Neural_Networks
1145	Neural_Networks
1146	Neural_Networks
1147	Probabilistic_Methods
1148	Case_Based
1149	Neural_Networks
1150	Neural_Networks
1151	Theory
1152	Case_Based
1153	Genetic_Algorithms
1154	Case_Based
1155	Case_Based
1156	Probabilistic_Methods
1157	Neural_Networks
1158	Probabilistic_Methods
1159	Genetic_Algorithms
1160	Theory
1161	Theory
1162	Probabilistic_Methods
1163	Case_Based
1164	Case_Based
1165	Neural_Networks
1166	Genetic_Algorithms
1167	Genetic_Algorithms
1168	Probabilistic_Methods
1169	Neural_Networks
1170	Theory
1171	Neural_Networks
1172	Probabilistic_Methods
1173	Theory
1174	Case_Based
1175	Genetic_Algorithms
1176	Neural_Networks
1177	Rule_Learning
1178	Genetic_Algorithms
1179	Neural_Networks
1180	Rule_Learning
1181	Theory
1182	Rule_Learning
1183	Reinforcement_Learning
1184	Genetic_Algorithms
1185	Theory
1186	Theory
1187	Neural_Networks
1188	Neural_Networks
1189	Neural_Networks
1190	Neural_Networks
1191	Theory
1192	Reinforcement_Learning
1193	Reinforcement_Learning
1194	Case_Based
1195	Neural_Networks
1196	Neural_Networks
1197	Theory
1198	Theory
1199	Neural_Networks
1200	Neural_Networks
1201	Neural_Networks
1202	Reinforcement_Learning
1203	Neural_Networks
1204	Genetic_Algorithms
1205	Genetic_Algorithms
1206	Genetic_Algorithms
1207	Genetic_Algorithms
1208	Rule_Learning
1209	Case_Based
1210	Case_Based
1211	Neural_Networks
1212	Case_Based
1213	Reinforcement_Learning
1214	Case_Based
1215	Case_Based
1216	Genetic_Algorithms
1217	Reinforcement_Learning
1218	Genetic_Algorithms
1219	Genetic_Algorithms
1220	Neural_Networks
1221	Genetic_Algorithms
1222	Neural_Networks
1223	Theory
1224	Genetic_Algorithms
1225	Genetic_Algorithms
1226	Theory
1227	Theory
1228	Reinforcement_Learning
1229	Neural_Networks
1230	Neural_Networks
1231	Genetic_Algorithms
1232	Genetic_Algorithms
1233	Case_Based
1234	Rule_Learning
1235	Theory
1236	Theory
1237	Theory
1238	Theory
1239	Neural_Networks
1240	Probabilistic_Methods
1241	Probabilistic_Methods
1242	Neural_Networks
1243	Neural_Networks
1244	Rule_Learning
1245	Neural_Networks
1246	Neural_Networks
1247	Neural_Networks
1248	Case_Based
1249	Genetic_Algorithms
1250	Neural_Networks
1251	Neural_Networks
1252	Neural_Networks
1253	Genetic_Algorithms
1254	Theory
1255	Probabilistic_Methods
1256	Neural_Networks
1257	Genetic_Algorithms
1258	Neural_Networks
1259	Rule_Learning
1260	Theory
1261	Genetic_Algorithms
1262	Theory
1263	Theory
1264	Genetic_Algorithms
1265	Neural_Networks
1266	Theory
1267	Theory
1268	Probabilistic_Methods
1269	Theory
1270	Case_Based
1271	Case_Based
1272	Neural_Networks
1273	Theory
1274	Neural_Networks
1275	Rule_Learning
1276	Neural_Networks
1277	Genetic_Algorithms
1278	Case_Based
1279	Genetic_Algorithms
1280	Neural_Networks
1281	Neural_Networks
1282	Neural_Networks
1283	Neural_Networks
1284	Neural_Networks
1285	Neural_Networks
1286	Genetic_Algorithms
1287	Probabilistic_Methods
1288	Neural_Networks
1289	Probabilistic_Methods
1290	Theory
1291	Genetic_Algorithms
1292	Rule_Learning
1293	Neural_Networks
1294	Probabilistic_Methods
1295	Neural_Networks
1296	Theory
1297	Rule_Learning
1298	Neural_Networks
1299	Neural_Networks
1300	Neural_Networks
1301	Theory
1302	Case_Based
1303	Genetic_Algorithms
1304	Case_Based
1305	Genetic_Algorithms
1306	Neural_Networks
1307	Neural_Networks
1308	Probabilistic_Methods
1309	Neural_Networks
1310	Theory
1311	Genetic_Algorithms
1312	Theory
1313	Neural_Networks
1314	Reinforcement_Learning
1315	Neural_Networks
1316	Reinforcement_Learning
1317	Case_Based
1318	Neural_Networks
1319	Genetic_Algorithms
1320	Neural_Networks
1321	Neural_Networks
1322	Probabilistic_Methods
1323	Neural_Networks
1324	Probabilistic_Methods
1325	Genetic_Algorithms
1326	Probabilistic_Methods
1327	Rule_Learning
1328	Theory
1329	Probabilistic_Methods
1330	Genetic_Algorithms
1331	Genetic_Algorithms
1332	Genetic_Algorithms
1333	Genetic_Algorithms
1334	Neural_Networks
1335	Probabilistic_Methods
1336	Theory
1337	Probabilistic_Methods
1338	Probabilistic_Methods
1339	Probabilistic_Methods
1340	Neural_Networks
1341	Neural_Networks
1342	Neural_Networks
1343	Theory
1344	Case_Based
1345	Case_Based
1346	Neural_Networks
1347	Probabilistic_Methods
1348	Case_Based
1349	Neural_Networks
1350	Theory
1351	Genetic_Algorithms
1352	Probabilistic_Methods
1353	Genetic_Algorithms
1354	Case_Based
1355	Case_Based
1356	Neural_Networks
1357	Probabilistic_Methods
1358	Theory
1359	Neural_Networks
1360	Theory
1361	Probabilistic_Methods
1362	Genetic_Algorithms
1363	Theory
1364	Theory
1365	Neural_Networks
1366	Neural_Networks
1367	Case_Based
1368	Case_Based
1369	Neural_Networks
1370	Genetic_Algorithms
1371	Neural_Networks
1372	Probabilistic_Methods
1373	Neural_Networks
1374	Probabilistic_Methods
1375	Probabilistic_Methods
1376	Reinforcement_Learning
1377	Case_Based
1378	Reinforcement_Learning
1379	Genetic_Algorithms
1380	Genetic_Algorithms
1381	Neural_Networks
1382	Neural_Networks
1383	Neural_Networks
1384	Neural_Networks
1385	Case_Based
1386	Neural_Networks
1387	Neural_Networks
1388	Theory
1389	Neural_Networks
1390	Theory
1391	Genetic_Algorithms
1392	Neural_Networks
1393	Probabilistic_Methods
1394	Theory
1395	Neural_Networks
1396	Genetic_Algorithms
1397	Probabilistic_Methods
1398	Neural_Networks
1399	Neural_Networks
1400	Theory
1401	Case_Based
1402	Neural_Networks
1403	Neural_Networks
1404	Genetic_Algorithms
1405	Neural_Networks
1406	Probabilistic_Methods
1407	Case_Based
1408	Genetic_Algorithms
1409	Genetic_Algorithms
1410	Genetic_Algorithms
1411	Neural_Networks
1412	Probabilistic_Methods
1413	Theory
1414	Probabilistic_Methods
1415	Case_Based
1416	Case_Based
1417	Neural_Networks
1418	Neural_Networks
1419	Theory
1420	Case_Based
1421	Neural_Networks
1422	Neural_Networks
1423	Neural_Networks
1424	Genetic_Algorithms
1425	Probabilistic_Methods
1426	Case_Based
1427	Theory
1428	Rule_Learning
1429	Rule_Learning
1430	Neural_Networks
1431	Theory
1432	Genetic_Algorithms
1433	Theory
1434	Rule_Learning
1435	Neural_Networks
1436	Neural_Networks
1437	Reinforcement_Learning
1438	Reinforcement_Learning
1439	Genetic_Algorithms
1440	Neural_Networks
1441	Genetic_Algorithms
1442	Theory
1443	Reinforcement_Learning
1444	Rule_Learning
1445	Rule_Learning
1446	Neural_Networks
1447	Neural_Networks
1448	Case_Based
1449	Probabilistic_Methods
1450	Neural_Networks
1451	Neural_Networks
1452	Probabilistic_Methods
1453	Case_Based
1454	Neural_Networks
1455	Genetic_Algorithms
1456	Reinforcement_Learning
1457	Theory
1458	Case_Based
1459	Probabilistic_Methods
1460	Theory
1461	Neural_Networks
1462	Neural_Networks
1463	Neural_Networks
1464	Neural_Networks
1465	Case_Based
1466	Genetic_Algorithms
1467	Genetic_Algorithms
1468	Theory
1469	Theory
1470	Neural_Networks
1471	Neural_Networks
1472	Neural_Networks
1473	Genetic_Algorithms
1474	Genetic_Algorithms
1475	Case_Based
1476	Genetic_Algorithms
1477	Neural_Networks
1478	Theory
1479	Probabilistic_Methods
1480	Neural_Networks
1481	Genetic_Algorithms
1482	Theory
1483	Case_Based
1484	Theory
1485	Neural_Networks
1486	Theory
1487	Neural_Networks
1488	Neural_Networks
1489	Rule_Learning
1490	Neural_Networks
1491	Probabilistic_Methods
1492	Neural_Networks
1493	Neural_Networks
1494	Neural_Networks
1495	Genetic_Algorithms
1496	Case_Based
1497	Case_Based
1498	Case_Based
1499	Neural_Networks
1500	Theory
1501	Neural_Networks
1502	Probabilistic_Methods
1503	Probabilistic_Methods
1504	Probabilistic_Methods
1505	Theory
1506	Probabilistic_Methods
1507	Probabilistic_Methods
1508	Neural_Networks
1509	Neural_Networks
1510	Theory
1511	Probabilistic_Methods
1512	Probabilistic_Methods
1513	Theory
1514	Probabilistic_Methods
1515	Reinforcement_Learning
1516	Neural_Networks
1517	Neural_Networks
1518	Genetic_Algorithms
1519	Rule_Learning
1520	Neural_Networks
1521	Theory
1522	Neural_Networks
1523	Genetic_Algorithms
1524	Neural_Networks
1525	Probabilistic_Methods
1526	Neural_Networks
1527	Probabilistic_Methods
1528	Theory
1529	Reinforcement_Learning
1530	Genetic_Algorithms
1531	Neural_Networks
1532	Neural_Networks
1533	Genetic_Algorithms
1534	Case_Based
1535	Case_Based
1536	Genetic_Algorithms
1537	Case_Based
1538	Neural_Networks
1539	Neural_Networks
1540	Reinforcement_Learning
1541	Genetic_Algorithms
1542	Case_Based
1543	Probabilistic_Methods
1544	Neural_Networks
1545	Probabilistic_Methods
1546	Reinforcement_Learning
1547	Neural_Networks
1548	Probabilistic_Methods
1549	Probabilistic_Methods
1550	Theory
1551	Neural_Networks
1552	Case_Based
1553	Case_Based
1554	Case_Based
1555	Probabilistic_Methods
1556	Case_Based
1557	Neural_Networks
1558	Genetic_Algorithms
1559	Neural_Networks
1560	Theory
1561	Theory
1562	Neural_Networks
1563	Genetic_Algorithms
1564	Neural_Networks
1565	Genetic_Algorithms
1566	Theory
1567	Theory
1568	Neural_Networks
1569	Rule_Learning
1570	Theory
1571	Genetic_Algorithms
1572	Genetic_Algorithms
1573	Reinforcement_Learning
1574	Probabilistic_Methods
1575	Genetic_Algorithms
1576	Theory
1577	Probabilistic_Methods
1578	Rule_Learning
1579	Neural_Networks
1580	Genetic_Algorithms
1581	Reinforcement_Learning
1582	Probabilistic_Methods
1583	Genetic_Algorithms
1584	Case_Based
1585	Reinforcement_Learning
1586	Theory
1587	Theory
1588	Neural_Networks
1589	Neural_Networks
1590	Genetic_Algorithms
1591	Neural_Networks
1592	Theory
1593	Neural_Networks
1594	Genetic_Algorithms
1595	Rule_Learning
1596	Rule_Learning
1597	Neural_Networks
1598	Genetic_Algorithms
1599	Theory
1600	Neural_Networks
1601	Case_Based
1602	Probabilistic_Methods
1603	Genetic_Algorithms
1604	Neural_Networks
1605	Neural_Networks
1606	Neural_Networks
1607	Theory
1608	Neural_Networks
1609	Theory
1610	Neural_Networks
1611	Genetic_Algorithms
1612	Neural_Networks
1613	Probabilistic_Methods
1614	Probabilistic_Methods
1615	Neural_Networks
1616	Neural_Networks
1617	Neural_Networks
1618	Neural_Networks
1619	Probabilistic_Methods
1620	Rule_Learning
1621	Case_Based
1622	Case_Based
1623	Neural_Networks
1624	Probabilistic_Methods
1625	Genetic_Algorithms
1626	Case_Based
1627	Theory
1628	Genetic_Algorithms
1629	Neural_Networks
1630	Neural_Networks
1631	Genetic_Algorithms
1632	Reinforcement_Learning
1633	Neural_Networks
1634	Neural_Networks
1635	Case_Based
1636	Rule_Learning
1637	Neural_Networks
1638	Neural_Networks
1639	Neural_Networks
1640	Case_Based
1641	Probabilistic_Methods
1642	Case_Based
1643	Theory
1644	Theory
1645	Neural_Networks
1646	Genetic_Algorithms
1647	Case_Based
1648	Case_Based
1649	Reinforcement_Learning
1650	Genetic_Algorithms
1651	Rule_Learning
1652	Neural_Networks
1653	Neural_Networks
1654	Probabilistic_Methods
1655	Neural_Networks
1656	Neural_Networks
1657	Neural_Networks
1658	Theory
1659	Neural_Networks
1660	Probabilistic_Methods
1661	Theory
1662	Genetic_Algorithms
1663	Neural_Networks
1664	Neural_Networks
1665	Case_Based
1666	Probabilistic_Methods
1667	Neural_Networks
1668	Neural_Networks
1669	Neural_Networks
1670	Genetic_Algorithms
1671	Theory
1672	Neural_Networks
1673	Genetic_Algorithms
1674	Case_Based
1675	Genetic_Algorithms
1676	Neural_Networks
1677	Neural_Networks
1678	Theory
1679	Rule_Learning
1680	Case_Based
1681	Probabilistic_Methods
1682	Probabilistic_Methods
1683	Neural_Networks
1684	Rule_Learning
1685	Genetic_Algorithms
1686	Theory
1687	Reinforcement_Learning
1688	Reinforcement_Learning
1689	Genetic_Algorithms
1690	Genetic_Algorithms
1691	Genetic_Algorithms
1692	Theory
1693	Reinforcement_Learning
1694	Genetic_Algorithms
1695	Case_Based
1696	Genetic_Algorithms
1697	Probabilistic_Methods
1698	Neural_Networks
1699	Case_Based
1700	Neural_Networks
1701	Neural_Networks
1702	Theory
1703	Neural_Networks
1704	Neural_Networks
1705	Theory
1706	Case_Based
1707	Case_Based
1708	Theory
1709	Neural_Networks
1710	Neural_Networks
1711	Reinforcement_Learning
1712	Theory
1713	Probabilistic_Methods
1714	Case_Based
1715	Theory
1716	Probabilistic_Methods
1717	Genetic_Algorithms
1718	Neural_Networks
1719	Genetic_Algorithms
1720	Rule_Learning
1721	Probabilistic_Methods
1722	Probabilistic_Methods
1723	Probabilistic_Methods
1724	Neural_Networks
1725	Neural_Networks
1726	Neural_Networks
1727	Reinforcement_Learning
1728	Genetic_Algorithms
1729	Genetic_Algorithms
1730	Genetic_Algorithms
1731	Probabilistic_Methods
1732	Neural_Networks
1733	Probabilistic_Methods
1734	Theory
1735	Case_Based
1736	Genetic_Algorithms
1737	Genetic_Algorithms
1738	Genetic_Algorithms
1739	Neural_Networks
1740	Neural_Networks
1741	Reinforcement_Learning
1742	Probabilistic_Methods
1743	Genetic_Algorithms
1744	Neural_Networks
1745	Genetic_Algorithms
1746	Neural_Networks
1747	Probabilistic_Methods
1748	Theory
1749	Probabilistic_Methods
1750	Rule_Learning
1751	Neural_Networks
1752	Case_Based
1753	Neural_Networks
1754	Neural_Networks
1755	Case_Based
1756	Genetic_Algorithms
1757	Probabilistic_Methods
1758	Neural_Networks
1759	Probabilistic_Methods
1760	Neural_Networks
1761	Probabilistic_Methods
1762	Theory
1763	Neural_Networks
1764	Probabilistic_Methods
1765	Probabilistic_Methods
1766	Reinforcement_Learning
1767	Genetic_Algorithms
1768	Genetic_Algorithms
1769	Genetic_Algorithms
1770	Probabilistic_Methods
1771	Genetic_Algorithms
1772	Neural_Networks
1773	Neural_Networks
1774	Neural_Networks
1775	Genetic_Algorithms
1776	Neural_Networks
1777	Probabilistic_Methods
1778	Neural_Networks
1779	Reinforcement_Learning
1780	Theory
1781	Rule_Learning
1782	Reinforcement_Learning
1783	Probabilistic_Methods
1784	Genetic_Algorithms
1785	Theory
1786	Theory
1787	Neural_Networks
1788	Case_Based
1789	Neural_Networks
1790	Genetic_Algorithms
1791	Case_Based
1792	Theory
1793	Neural_Networks
1794	Neural_Networks
1795	Neural_Networks
1796	Genetic_Algorithms
1797	Genetic_Algorithms
1798	Neural_Networks
1799	Genetic_Algorithms
1800	Probabilistic_Methods
1801	Neural_Networks
1802	Probabilistic_Methods
1803	Probabilistic_Methods
1804	Case_Based
1805	Case_Based
1806	Neural_Networks
1807	Genetic_Algorithms
1808	Theory
1809	Case_Based
1810	Reinforcement_Learning
1811	Neural_Networks
1812	Case_Based
1813	Neural_Networks
1814	Neural_Networks
1815	Neural_Networks
1816	Reinforcement_Learning
1817	Probabilistic_Methods
1818	Theory
1819	Rule_Learning
1820	Neural_Networks
1821	Neural_Networks
1822	Neural_Networks
1823	Theory
1824	Theory
1825	Neural_Networks
1826	Genetic_Algorithms
1827	Theory
1828	Reinforcement_Learning
1829	Neural_Networks
1830	Neural_Networks
1831	Genetic_Algorithms
1832	Genetic_Algorithms
1833	Theory
1834	Genetic_Algorithms
1835	Theory
1836	Genetic_Algorithms
1837	Case_Based
1838	Probabilistic_Methods
1839	Genetic_Algorithms
1840	Genetic_Algorithms
1841	Reinforcement_Learning
1842	Probabilistic_Methods
1843	Case_Based
1844	Reinforcement_Learning
1845	Reinforcement_Learning
1846	Neural_Networks
1847	Neural_Networks
1848	Theory
1849	Rule_Learning
1850	Genetic_Algorithms
1851	Neural_Networks
1852	Probabilistic_Methods
1853	Theory
1854	Case_Based
1855	Case_Based
1856	Neural_Networks
1857	Neural_Networks
1858	Theory
1859	Reinforcement_Learning
1860	Neural_Networks
1861	Genetic_Algorithms
1862	Theory
1863	Theory
1864	Case_Based
1865	Neural_Networks
1866	Neural_Networks
1867	Reinforcement_Learning
1868	Probabilistic_Methods
1869	Neural_Networks
1870	Probabilistic_Methods
1871	Neural_Networks
1872	Genetic_Algorithms
1873	Neural_Networks
1874	Neural_Networks
1875	Neural_Networks
1876	Probabilistic_Methods
1877	Genetic_Algorithms
1878	Neural_Networks
1879	Neural_Networks
1880	Neural_Networks
1881	Rule_Learning
1882	Neural_Networks
1883	Genetic_Algorithms
1884	Neural_Networks
1885	Neural_Networks
1886	Neural_Networks
1887	Neural_Networks
1888	Theory
1889	Neural_Networks
1890	Genetic_Algorithms
1891	Neural_Networks
1892	Case_Based
1893	Neural_Networks
1894	Probabilistic_Methods
1895	Neural_Networks
1896	Neural_Networks
1897	Theory
1898	Probabilistic_Methods
1899	Probabilistic_Methods
1900	Probabilistic_Methods
1901	Probabilistic_Methods
1902	Neural_Networks
1903	Neural_Networks
1904	Case_Based
1905	Genetic_Algorithms
1906	Probabilistic_Methods
1907	Probabilistic_Methods
1908	Theory
1909	Probabilistic_Methods
1910	Probabilistic_Methods
1911	Genetic_Algorithms
1912	Neural_Networks
1913	Probabilistic_Methods
1914	Neural_Networks
1915	Neural_Networks
1916	Neural_Networks
1917	Genetic_Algorithms
1918	Rule_Learning
1919	Rule_Learning
1920	Neural_Networks
1921	Genetic_Algorithms
1922	Neural_Networks
1923	Neural_Networks
1924	Theory
1925	Theory
1926	Probabilistic_Methods
1927	Neural_Networks
1928	Neural_Networks
1929	Neural_Networks
1930	Genetic_Algorithms
1931	Genetic_Algorithms
1932	Neural_Networks
1933	Probabilistic_Methods
1934	Reinforcement_Learning
1935	Neural_Networks
1936	Genetic_Algorithms
1937	Probabilistic_Methods
1938	Probabilistic_Methods
1939	Neural_Networks
1940	Genetic_Algorithms
1941	Probabilistic_Methods
1942	Probabilistic_Methods
1943	Genetic_Algorithms
1944	Case_Based
1945	Probabilistic_Methods
1946	Genetic_Algorithms
1947	Case_Based
1948	Neural_Networks
1949	Neural_Networks
1950	Genetic_Algorithms
1951	Neural_Networks
1952	Genetic_Algorithms
1953	Neural_Networks
1954	Neural_Networks
1955	Rule_Learning
1956	Rule_Learning
1957	Reinforcement_Learning
1958	Neural_Networks
1959	Reinforcement_Learning
1960	Neural_Networks
1961	Rule_Learning
1962	Neural_Networks
1963	Rule_Learning
1964	Theory
1965	Genetic_Algorithms
1966	Neural_Networks
1967	Theory
1968	Neural_Networks
1969	Reinforcement_Learning
1970	Neural_Networks
1971	Genetic_Algorithms
1972	Probabilistic_Methods
1973	Genetic_Algorithms
1974	Neural_Networks
1975	Reinforcement_Learning
1976	Case_Based
1977	Probabilistic_Methods
1978	Neural_Networks
1979	Reinforcement_Learning
1980	Neural_Networks
1981	Neural_Networks
1982	Probabilistic_Methods
1983	Probabilistic_Methods
1984	Genetic_Algorithms
1985	Genetic_Algorithms
1986	Theory
1987	Case_Based
1988	Neural_Networks
1989	Case_Based
1990	Neural_Networks
1991	Probabilistic_Methods
1992	Probabilistic_Methods
1993	Probabilistic_Methods
1994	Probabilistic_Methods
1995	Probabilistic_Methods
1996	Neural_Networks
1997	Neural_Networks
1998	Neural_Networks
1999	Genetic_Algorithms
2000	Case_Based
2001	Genetic_Algorithms
2002	Probabilistic_Methods
2003	Genetic_Algorithms
2004	Theory
2005	Theory
2006	Theory
2007	Theory
2008	Probabilistic_Methods
2009	Neural_Networks
2010	Neural_Networks
2011	Theory
2012	Theory
2013	Neural_Networks
2014	Reinforcement_Learning
2015	Probabilistic_Methods
2016	Probabilistic_Methods
2017	Probabilistic_Methods
2018	Reinforcement_Learning
2019	Neural_Networks
2020	Probabilistic_Methods
2021	Neural_Networks
2022	Probabilistic_Methods
2023	Neural_Networks
2024	Neural_Networks
2025	Probabilistic_Methods
2026	Neural_Networks
2027	Neural_Networks
2028	Neural_Networks
2029	Neural_Networks
2030	Genetic_Algorithms
2031	Rule_Learning
2032	Rule_Learning
2033	Neural_Networks
2034	Probabilistic_Methods
2035	Case_Based
2036	Theory
2037	Case_Based
2038	Neural_Networks
2039	Genetic_Algorithms
2040	Theory
2041	Neural_Networks
2042	Neural_Networks
2043	Neural_Networks
2044	Neural_Networks
2045	Rule_Learning
2046	Neural_Networks
2047	Neural_Networks
2048	Case_Based
2049	Neural_Networks
2050	Neural_Networks
2051	Reinforcement_Learning
2052	Case_Based
2053	Theory
2054	Theory
2055	Neural_Networks
2056	Neural_Networks
2057	Theory
2058	Genetic_Algorithms
2059	Neural_Networks
2060	Case_Based
2061	Case_Based
2062	Case_Based
2063	Probabilistic_Methods
2064	Probabilistic_Methods
2065	Genetic_Algorithms
2066	Case_Based
2067	Theory
2068	Neural_Networks
2069	Probabilistic_Methods
2070	Rule_Learning
2071	Case_Based
2072	Neural_Networks
2073	Neural_Networks
2074	Theory
2075	Case_Based
2076	Probabilistic_Methods
2077	Genetic_Algorithms
2078	Reinforcement_Learning
2079	Rule_Learning
2080	Rule_Learning
2081	Probabilistic_Methods
2082	Neural_Networks
2083	Neural_Networks
2084	Neural_Networks
2085	Neural_Networks
2086	Neural_Networks
2087	Genetic_Algorithms
2088	Probabilistic_Methods
2089	Genetic_Algorithms
2090	Theory
2091	Rule_Learning
2092	Theory
2093	Neural_Networks
2094	Probabilistic_Methods
2095	Probabilistic_Methods
2096	Neural_Networks
2097	Probabilistic_Methods
2098	Theory
2099	Theory
2100	Rule_Learning
2101	Genetic_Algorithms
2102	Genetic_Algorithms
2103	Genetic_Algorithms
2104	Genetic_Algorithms
2105	Neural_Networks
2106	Rule_Learning
2107	Neural_Networks
2108	Neural_Networks
2109	Neural_Networks
2110	Neural_Networks
2111	Neural_Networks
2112	Neural_Networks
2113	Theory
2114	Neural_Networks
2115	Probabilistic_Methods
2116	Neural_Networks
2117	Neural_Networks
2118	Reinforcement_Learning
2119	Neural_Networks
2120	Neural_Networks
2121	Neural_Networks
2122	Case_Based
2123	Case_Based
2124	Neural_Networks
2125	Genetic_Algorithms
2126	Rule_Learning
2127	Probabilistic_Methods
2128	Genetic_Algorithms
2129	Neural_Networks
2130	Genetic_Algorithms
2131	Case_Based
2132	Case_Based
2133	Genetic_Algorithms
2134	Probabilistic_Methods
2135	Neural_Networks
2136	Probabilistic_Methods
2137	Neural_Networks
2138	Probabilistic_Methods
2139	Genetic_Algorithms
2140	Neural_Networks
2141	Theory
2142	Neural_Networks
2143	Neural_Networks
2144	Neural_Networks
2145	Neural_Networks
2146	Theory
2147	Neural_Networks
2148	Probabilistic_Methods
2149	Rule_Learning
2150	Reinforcement_Learning
2151	Case_Based
2152	Genetic_Algorithms
2153	Probabilistic_Methods
2154	Neural_Networks
2155	Neural_Networks
2156	Theory
2157	Case_Based
2158	Neural_Networks
2159	Genetic_Algorithms
2160	Neural_Networks
2161	Probabilistic_Methods
2162	Neural_Networks
2163	Neural_Networks
2164	Probabilistic_Methods
2165	Neural_Networks
2166	Probabilistic_Methods
2167	Probabilistic_Methods
2168	Theory
2169	Probabilistic_Methods
2170	Genetic_Algorithms
2171	Rule_Learning
2172	Theory
2173	Genetic_Algorithms
2174	Reinforcement_Learning
2175	Genetic_Algorithms
2176	Neural_Networks
2177	Genetic_Algorithms
2178	Neural_Networks
2179	Reinforcement_Learning
2180	Theory
2181	Neural_Networks
2182	Theory
2183	Reinforcement_Learning
2184	Genetic_Algorithms
2185	Neural_Networks
2186	Neural_Networks
2187	Neural_Networks
2188	Neural_Networks
2189	Rule_Learning
2190	Rule_Learning
2191	Neural_Networks
2192	Genetic_Algorithms
2193	Neural_Networks
2194	Rule_Learning
2195	Case_Based
2196	Genetic_Algorithms
2197	Neural_Networks
2198	Theory
2199	Genetic_Algorithms
2200	Genetic_Algorithms
2201	Reinforcement_Learning
2202	Genetic_Algorithms
2203	Neural_Networks
2204	Genetic_Algorithms
2205	Genetic_Algorithms
2206	Genetic_Algorithms
2207	Theory
2208	Probabilistic_Methods
2209	Reinforcement_Learning
2210	Theory
2211	Genetic_Algorithms
2212	Case_Based
2213	Rule_Learning
2214	Neural_Networks
2215	Case_Based
2216	Genetic_Algorithms
2217	Genetic_Algorithms
2218	Neural_Networks
2219	Probabilistic_Methods
2220	Genetic_Algorithms
2221	Probabilistic_Methods
2222	Reinforcement_Learning
2223	Neural_Networks
2224	Neural_Networks
2225	Theory
2226	Genetic_Algorithms
2227	Neural_Networks
2228	Neural_Networks
2229	Rule_Learning
2230	Probabilistic_Methods
2231	Case_Based
2232	Genetic_Algorithms
2233	Neural_Networks
2234	Probabilistic_Methods
2235	Probabilistic_Methods
2236	Neural_Networks
2237	Genetic_Algorithms
2238	Genetic_Algorithms
2239	Neural_Networks
2240	Rule_Learning
2241	Probabilistic_Methods
2242	Probabilistic_Methods
2243	Case_Based
2244	Neural_Networks
2245	Case_Based
2246	Reinforcement_Learning
2247	Neural_Networks
2248	Genetic_Algorithms
2249	Genetic_Algorithms
2250	Genetic_Algorithms
2251	Genetic_Algorithms
2252	Genetic_Algorithms
2253	Rule_Learning
2254	Genetic_Algorithms
2255	Genetic_Algorithms
2256	Neural_Networks
2257	Genetic_Algorithms
2258	Neural_Networks
2259	Genetic_Algorithms
2260	Neural_Networks
2261	Genetic_Algorithms
2262	Neural_Networks
2263	Neural_Networks
2264	Genetic_Algorithms
2265	Genetic_Algorithms
2266	Probabilistic_Methods
2267	Genetic_Algorithms
2268	Neural_Networks
2269	Genetic_Algorithms
2270	Neural_Networks
2271	Genetic_Algorithms
2272	Neural_Networks
2273	Neural_Networks
2274	Genetic_Algorithms
2275	Neural_Networks
2276	Case_Based
2277	Genetic_Algorithms
2278	Neural_Networks
2279	Neural_Networks
2280	Genetic_Algorithms
2281	Neural_Networks
2282	Rule_Learning
2283	Neural_Networks
2284	Neural_Networks
2285	Probabilistic_Methods
2286	Genetic_Algorithms
2287	Probabilistic_Methods
2288	Probabilistic_Methods
2289	Case_Based
2290	Rule_Learning
2291	Rule_Learning
2292	Probabilistic_Methods
2293	Probabilistic_Methods
2294	Case_Based
2295	Genetic_Algorithms
2296	Genetic_Algorithms
2297	Rule_Learning
2298	Genetic_Algorithms
2299	Case_Based
2300	Case_Based
2301	Probabilistic_Methods
2302	Genetic_Algorithms
2303	Case_Based
2304	Neural_Networks
2305	Reinforcement_Learning
2306	Neural_Networks
2307	Neural_Networks
2308	Neural_Networks
2309	Genetic_Algorithms
2310	Neural_Networks
2311	Probabilistic_Methods
2312	Rule_Learning
2313	Probabilistic_Methods
2314	Neural_Networks
2315	Probabilistic_Methods
2316	Genetic_Algorithms
2317	Genetic_Algorithms
2318	Probabilistic_Methods
2319	Genetic_Algorithms
2320	Neural_Networks
2321	Neural_Networks
2322	Neural_Networks
2323	Probabilistic_Methods
2324	Rule_Learning
2325	Neural_Networks
2326	Theory
2327	Probabilistic_Methods
2328	Reinforcement_Learning
2329	Theory
2330	Genetic_Algorithms
2331	Rule_Learning
2332	Genetic_Algorithms
2333	Theory
2334	Theory
2335	Neural_Networks
2336	Neural_Networks
2337	Neural_Networks
2338	Theory
2339	Rule_Learning
2340	Neural_Networks
2341	Probabilistic_Methods
2342	Case_Based
2343	Probabilistic_Methods
2344	Neural_Networks
2345	Neural_Networks
2346	Neural_Networks
2347	Neural_Networks
2348	Probabilistic_Methods
2349	Theory
2350	Theory
2351	Neural_Networks
2352	Neural_Networks
2353	Neural_Networks
2354	Theory
2355	Neural_Networks
2356	Theory
2357	Neural_Networks
2358	Neural_Networks
2359	Genetic_Algorithms
2360	Theory
2361	Genetic_Algorithms
2362	Probabilistic_Methods
2363	Genetic_Algorithms
2364	Neural_Networks
2365	Rule_Learning
2366	Probabilistic_Methods
2367	Theory
2368	Neural_Networks
2369	Case_Based
2370	Neural_Networks
2371	Case_Based
2372	Case_Based
2373	Neural_Networks
2374	Neural_Networks
2375	Probabilistic_Methods
2376	Neural_Networks
2377	Probabilistic_Methods
2378	Neural_Networks
2379	Genetic_Algorithms
2380	Case_Based
2381	Genetic_Algorithms
2382	Probabilistic_Methods
2383	Neural_Networks
2384	Probabilistic_Methods
2385	Neural_Networks
2386	Neural_Networks
2387	Neural_Networks
2388	Neural_Networks
2389	Neural_Networks
2390	Probabilistic_Methods
2391	Theory
2392	Genetic_Algorithms
2393	Neural_Networks
2394	Neural_Networks
2395	Case_Based
2396	Genetic_Algorithms
2397	Neural_Networks
2398	Case_Based
2399	Neural_Networks
2400	Neural_Networks
2401	Neural_Networks
2402	Genetic_Algorithms
2403	Case_Based
2404	Probabilistic_Methods
2405	Neural_Networks
2406	Probabilistic_Methods
2407	Genetic_Algorithms
2408	Theory
2409	Neural_Networks
2410	Neural_Networks
2411	Reinforcement_Learning
2412	Genetic_Algorithms
2413	Neural_Networks
2414	Neural_Networks
2415	Neural_Networks
2416	Probabilistic_Methods
2417	Probabilistic_Methods
2418	Theory
2419	Reinforcement_Learning
2420	Probabilistic_Methods
2421	Probabilistic_Methods
2422	Neural_Networks
2423	Theory
2424	Theory
2425	Probabilistic_Methods
2426	Rule_Learning
2427	Rule_Learning
2428	Neural_Networks
2429	Neural_Networks
2430	Case_Based
2431	Rule_Learning
2432	Neural_Networks
2433	Neural_Networks
2434	Probabilistic_Methods
2435	Neural_Networks
2436	Case_Based
2437	Neural_Networks
2438	Case_Based
2439	Neural_Networks
2440	Probabilistic_Methods
2441	Rule_Learning
2442	Reinforcement_Learning
2443	Probabilistic_Methods
2444	Genetic_Algorithms
2445	Neural_Networks
2446	Genetic_Algorithms
2447	Case_Based
2448	Neural_Networks
2449	Rule_Learning
2450	Rule_Learning
2451	Genetic_Algorithms
2452	Neural_Networks
2453	Reinforcement_Learning
2454	Neural_Networks
2455	Theory
2456	Probabilistic_Methods
2457	Neural_Networks
2458	Probabilistic_Methods
2459	Neural_Networks
2460	Probabilistic_Methods
2461	Probabilistic_Methods
2462	Probabilistic_Methods
2463	Probabilistic_Methods
2464	Probabilistic_Methods
2465	Theory
2466	Rule_Learning
2467	Theory
2468	Probabilistic_Methods
2469	Neural_Networks
2470	Genetic_Algorithms
2471	Case_Based
2472	Theory
2473	Reinforcement_Learning
2474	Probabilistic_Methods
2475	Reinforcement_Learning
2476	Case_Based
2477	Neural_Networks
2478	Genetic_Algorithms
2479	Genetic_Algorithms
2480	Reinforcement_Learning
2481	Theory
2482	Case_Based
2483	Theory
2484	Case_Based
2485	Reinforcement_Learning
2486	Neural_Networks
2487	Theory
2488	Probabilistic_Methods
2489	Case_Based
2490	Genetic_Algorithms
2491	Neural_Networks
2492	Probabilistic_Methods
2493	Reinforcement_Learning
2494	Probabilistic_Methods
2495	Theory
2496	Neural_Networks
2497	Neural_Networks
2498	Neural_Networks
2499	Neural_Networks
2500	Neural_Networks
2501	Neural_Networks
2502	Neural_Networks
2503	Neural_Networks
2504	Genetic_Algorithms
2505	Neural_Networks
2506	Probabilistic_Methods
2507	Neural_Networks
2508	Case_Based
2509	Theory
2510	Probabilistic_Methods
2511	Neural_Networks
2512	Genetic_Algorithms
2513	Neural_Networks
2514	Probabilistic_Methods
2515	Neural_Networks
2516	Neural_Networks
2517	Neural_Networks
2518	Genetic_Algorithms
2519	Genetic_Algorithms
2520	Case_Based
2521	Probabilistic_Methods
2522	Neural_Networks
2523	Reinforcement_Learning
2524	Probabilistic_Methods
2525	Probabilistic_Methods
2526	Neural_Networks
2527	Rule_Learning
2528	Theory
2529	Genetic_Algorithms
2530	Case_Based
2531	Probabilistic_Methods
2532	Probabilistic_Methods
2533	Neural_Networks
2534	Neural_Networks
2535	Neural_Networks
2536	Reinforcement_Learning
2537	Theory
2538	Neural_Networks
2539	Rule_Learning
2540	Probabilistic_Methods
2541	Genetic_Algorithms
2542	Neural_Networks
2543	Neural_Networks
2544	Case_Based
2545	Neural_Networks
2546	Probabilistic_Methods
2547	Probabilistic_Methods
2548	Theory
2549	Neural_Networks
2550	Rule_Learning
2551	Case_Based
2552	Neural_Networks
2553	Theory
2554	Genetic_Algorithms
2555	Theory
2556	Case_Based
2557	Case_Based
2558	Probabilistic_Methods
2559	Probabilistic_Methods
2560	Theory
2561	Probabilistic_Methods
2562	Neural_Networks
2563	Genetic_Algorithms
2564	Genetic_Algorithms
2565	Neural_Networks
2566	Probabilistic_Methods
2567	Neural_Networks
2568	Theory
2569	Neural_Networks
2570	Neural_Networks
2571	Neural_Networks
2572	Neural_Networks
2573	Probabilistic_Methods
2574	Neural_Networks
2575	Neural_Networks
2576	Neural_Networks
2577	Probabilistic_Methods
2578	Probabilistic_Methods
2579	Neural_Networks
2580	Neural_Networks
2581	Case_Based
2582	Neural_Networks
2583	Theory
2584	Neural_Networks
2585	Case_Based
2586	Neural_Networks
2587	Theory
2588	Neural_Networks
2589	Rule_Learning
2590	Neural_Networks
2591	Rule_Learning
2592	Probabilistic_Methods
2593	Neural_Networks
2594	Neural_Networks
2595	Neural_Networks
2596	Neural_Networks
2597	Case_Based
2598	Genetic_Algorithms
2599	Neural_Networks
2600	Genetic_Algorithms
2601	Neural_Networks
2602	Neural_Networks
2603	Genetic_Algorithms
2604	Genetic_Algorithms
2605	Case_Based
2606	Neural_Networks
2607	Case_Based
2608	Neural_Networks
2609	Rule_Learning
2610	Neural_Networks
2611	Neural_Networks
2612	Neural_Networks
2613	Genetic_Algorithms
2614	Case_Based
2615	Theory
2616	Case_Based
2617	Rule_Learning
2618	Theory
2619	Neural_Networks
2620	Probabilistic_Methods
2621	Neural_Networks
2622	Neural_Networks
2623	Neural_Networks
2624	Genetic_Algorithms
2625	Neural_Networks
2626	Case_Based
2627	Theory
2628	Reinforcement_Learning
2629	Reinforcement_Learning
2630	Genetic_Algorithms
2631	Neural_Networks
2632	Neural_Networks
2633	Theory
2634	Theory
2635	Case_Based
2636	Rule_Learning
2637	Case_Based
2638	Genetic_Algorithms
2639	Neural_Networks
2640	Genetic_Algorithms
2641	Genetic_Algorithms
2642	Neural_Networks
2643	Neural_Networks
2644	Probabilistic_Methods
2645	Case_Based
2646	Neural_Networks
2647	Case_Based
2648	Neural_Networks
2649	Rule_Learning
2650	Neural_Networks
2651	Theory
2652	Case_Based
2653	Theory
2654	Probabilistic_Methods
2655	Reinforcement_Learning
2656	Case_Based
2657	Theory
2658	Neural_Networks
2659	Genetic_Algorithms
2660	Probabilistic_Methods
2661	Genetic_Algorithms
2662	Neural_Networks
2663	Rule_Learning
2664	Genetic_Algorithms
2665	Case_Based
2666	Reinforcement_Learning
2667	Genetic_Algorithms
2668	Rule_Learning
2669	Probabilistic_Methods
2670	Neural_Networks
2671	Neural_Networks
2672	Reinforcement_Learning
2673	Genetic_Algorithms
2674	Theory
2675	Theory
2676	Neural_Networks
2677	Neural_Networks
2678	Neural_Networks
2679	Probabilistic_Methods
2680	Neural_Networks
2681	Probabilistic_Methods
2682	Probabilistic_Methods
2683	Neural_Networks
2684	Neural_Networks
2685	Theory
2686	Neural_Networks
2687	Genetic_Algorithms
2688	Genetic_Algorithms
2689	Reinforcement_Learning
2690	Theory
2691	Neural_Networks
2692	Case_Based
2693	Probabilistic_Methods
2694	Theory
2695	Theory
2696	Theory
2697	Probabilistic_Methods
2698	Probabilistic_Methods
2699	Probabilistic_Methods
2700	Case_Based
2701	Neural_Networks
2702	Neural_Networks
2703	Genetic_Algorithms
2704	Genetic_Algorithms
2705	Genetic_Algorithms
2706	Case_Based
2707	Neural_Networks
